example_path,fold
train_test_data/train/1297.png,4
train_test_data/train/1199.png,0
train_test_data/train/1348.png,3
train_test_data/train/2214.png,0
train_test_data/train/2220.png,1
train_test_data/train/731.png,3
train_test_data/train/1355.png,0
train_test_data/train/322.png,3
train_test_data/train/2194.png,2
train_test_data/train/1418.png,4
train_test_data/train/1808.png,4
train_test_data/train/1286.png,1
train_test_data/train/639.png,3
train_test_data/train/2262.png,1
train_test_data/train/2280.png,3
train_test_data/train/956.png,1
train_test_data/train/1384.png,4
train_test_data/train/1054.png,4
train_test_data/train/881.png,2
train_test_data/train/1109.png,3
train_test_data/train/1311.png,0
train_test_data/train/1957.png,3
train_test_data/train/377.png,3
train_test_data/train/468.png,1
train_test_data/train/1945.png,0
train_test_data/train/227.png,3
train_test_data/train/348.png,0
train_test_data/train/94.png,2
train_test_data/train/422.png,4
train_test_data/train/786.png,1
train_test_data/train/752.png,0
train_test_data/train/13.png,2
train_test_data/train/2074.png,2
train_test_data/train/1671.png,2
train_test_data/train/689.png,1
train_test_data/train/1356.png,2
train_test_data/train/218.png,1
train_test_data/train/2056.png,2
train_test_data/train/1520.png,3
train_test_data/train/1563.png,3
train_test_data/train/1173.png,3
train_test_data/train/708.png,4
train_test_data/train/1903.png,0
train_test_data/train/290.png,4
train_test_data/train/532.png,1
train_test_data/train/715.png,4
train_test_data/train/573.png,3
train_test_data/train/1068.png,2
train_test_data/train/1010.png,4
train_test_data/train/2081.png,0
train_test_data/train/1245.png,4
train_test_data/train/237.png,1
train_test_data/train/1254.png,2
train_test_data/train/478.png,4
train_test_data/train/2286.png,1
train_test_data/train/266.png,0
train_test_data/train/1557.png,2
train_test_data/train/1487.png,2
train_test_data/train/284.png,1
train_test_data/train/48.png,3
train_test_data/train/1895.png,3
train_test_data/train/73.png,4
train_test_data/train/942.png,4
train_test_data/train/389.png,3
train_test_data/train/258.png,1
train_test_data/train/369.png,4
train_test_data/train/1758.png,1
train_test_data/train/738.png,0
train_test_data/train/709.png,4
train_test_data/train/2023.png,3
train_test_data/train/2282.png,3
train_test_data/train/1632.png,4
train_test_data/train/1578.png,0
train_test_data/train/1755.png,1
train_test_data/train/1622.png,4
train_test_data/train/374.png,0
train_test_data/train/1344.png,1
train_test_data/train/397.png,1
train_test_data/train/1738.png,2
train_test_data/train/1085.png,2
train_test_data/train/1029.png,0
train_test_data/train/1623.png,4
train_test_data/train/2169.png,2
train_test_data/train/582.png,4
train_test_data/train/1917.png,1
train_test_data/train/1204.png,1
train_test_data/train/1753.png,0
train_test_data/train/2237.png,1
train_test_data/train/1219.png,1
train_test_data/train/840.png,4
train_test_data/train/1432.png,4
train_test_data/train/480.png,2
train_test_data/train/1534.png,1
train_test_data/train/1923.png,1
train_test_data/train/905.png,1
train_test_data/train/1887.png,0
train_test_data/train/83.png,2
train_test_data/train/871.png,4
train_test_data/train/2045.png,0
train_test_data/train/733.png,3
train_test_data/train/2209.png,3
train_test_data/train/1107.png,4
train_test_data/train/95.png,3
train_test_data/train/1905.png,4
train_test_data/train/2231.png,1
train_test_data/train/1339.png,2
train_test_data/train/548.png,2
train_test_data/train/768.png,1
train_test_data/train/633.png,4
train_test_data/train/1142.png,3
train_test_data/train/231.png,2
train_test_data/train/751.png,3
train_test_data/train/812.png,3
train_test_data/train/2059.png,1
train_test_data/train/2158.png,3
train_test_data/train/168.png,1
train_test_data/train/340.png,0
train_test_data/train/1422.png,1
train_test_data/train/2154.png,3
train_test_data/train/1185.png,2
train_test_data/train/1280.png,3
train_test_data/train/2240.png,4
train_test_data/train/1003.png,0
train_test_data/train/1393.png,0
train_test_data/train/1103.png,0
train_test_data/train/319.png,4
train_test_data/train/1506.png,2
train_test_data/train/1748.png,3
train_test_data/train/1319.png,2
train_test_data/train/321.png,3
train_test_data/train/1760.png,2
train_test_data/train/954.png,3
train_test_data/train/310.png,4
train_test_data/train/2270.png,3
train_test_data/train/1346.png,3
train_test_data/train/1488.png,0
train_test_data/train/680.png,0
train_test_data/train/1320.png,1
train_test_data/train/749.png,0
train_test_data/train/1061.png,4
train_test_data/train/2058.png,2
train_test_data/train/485.png,2
train_test_data/train/1570.png,2
train_test_data/train/248.png,3
train_test_data/train/1310.png,0
train_test_data/train/1849.png,0
train_test_data/train/545.png,2
train_test_data/train/1581.png,4
train_test_data/train/2332.png,2
train_test_data/train/762.png,4
train_test_data/train/2196.png,0
train_test_data/train/18.png,3
train_test_data/train/1457.png,4
train_test_data/train/461.png,0
train_test_data/train/1379.png,1
train_test_data/train/672.png,4
train_test_data/train/431.png,4
train_test_data/train/1991.png,1
train_test_data/train/479.png,0
train_test_data/train/2018.png,3
train_test_data/train/2340.png,4
train_test_data/train/304.png,4
train_test_data/train/624.png,0
train_test_data/train/691.png,4
train_test_data/train/2258.png,2
train_test_data/train/1302.png,4
train_test_data/train/254.png,3
train_test_data/train/1474.png,4
train_test_data/train/2323.png,4
train_test_data/train/1409.png,4
train_test_data/train/72.png,2
train_test_data/train/932.png,3
train_test_data/train/811.png,0
train_test_data/train/997.png,3
train_test_data/train/1959.png,1
train_test_data/train/1764.png,3
train_test_data/train/193.png,1
train_test_data/train/1867.png,3
train_test_data/train/1073.png,1
train_test_data/train/1444.png,2
train_test_data/train/1524.png,1
train_test_data/train/1169.png,1
train_test_data/train/21.png,3
train_test_data/train/2104.png,3
train_test_data/train/492.png,1
train_test_data/train/354.png,1
train_test_data/train/1556.png,0
train_test_data/train/1126.png,4
train_test_data/train/1228.png,3
train_test_data/train/982.png,0
train_test_data/train/1183.png,3
train_test_data/train/850.png,1
train_test_data/train/653.png,4
train_test_data/train/1776.png,3
train_test_data/train/2061.png,3
train_test_data/train/282.png,3
train_test_data/train/1705.png,3
train_test_data/train/2095.png,0
train_test_data/train/1561.png,3
train_test_data/train/2246.png,4
train_test_data/train/1726.png,3
train_test_data/train/941.png,1
train_test_data/train/970.png,1
train_test_data/train/797.png,0
train_test_data/train/2117.png,4
train_test_data/train/192.png,0
train_test_data/train/490.png,0
train_test_data/train/1189.png,3
train_test_data/train/1799.png,3
train_test_data/train/1992.png,2
train_test_data/train/1851.png,0
train_test_data/train/821.png,4
train_test_data/train/1770.png,4
train_test_data/train/1577.png,0
train_test_data/train/1602.png,4
train_test_data/train/1922.png,1
train_test_data/train/1203.png,1
train_test_data/train/363.png,3
train_test_data/train/1954.png,2
train_test_data/train/96.png,1
train_test_data/train/567.png,3
train_test_data/train/335.png,0
train_test_data/train/357.png,0
train_test_data/train/171.png,0
train_test_data/train/1999.png,4
train_test_data/train/555.png,3
train_test_data/train/792.png,4
train_test_data/train/108.png,2
train_test_data/train/985.png,4
train_test_data/train/2297.png,0
train_test_data/train/1648.png,3
train_test_data/train/224.png,2
train_test_data/train/687.png,2
train_test_data/train/313.png,2
train_test_data/train/1100.png,3
train_test_data/train/1619.png,0
train_test_data/train/2175.png,2
train_test_data/train/664.png,2
train_test_data/train/329.png,2
train_test_data/train/2166.png,4
train_test_data/train/837.png,1
train_test_data/train/2149.png,2
train_test_data/train/1184.png,0
train_test_data/train/1214.png,0
train_test_data/train/2277.png,3
train_test_data/train/276.png,2
train_test_data/train/386.png,1
train_test_data/train/2099.png,1
train_test_data/train/1510.png,1
train_test_data/train/2053.png,0
train_test_data/train/50.png,0
train_test_data/train/1062.png,4
train_test_data/train/2324.png,4
train_test_data/train/398.png,2
train_test_data/train/1775.png,4
train_test_data/train/634.png,2
train_test_data/train/935.png,4
train_test_data/train/1465.png,3
train_test_data/train/139.png,3
train_test_data/train/1902.png,2
train_test_data/train/972.png,3
train_test_data/train/1144.png,1
train_test_data/train/1108.png,0
train_test_data/train/801.png,0
train_test_data/train/1715.png,3
train_test_data/train/992.png,1
train_test_data/train/1455.png,3
train_test_data/train/1663.png,0
train_test_data/train/1140.png,1
train_test_data/train/2317.png,0
train_test_data/train/1190.png,1
train_test_data/train/1166.png,0
train_test_data/train/186.png,1
train_test_data/train/1703.png,2
train_test_data/train/2136.png,1
train_test_data/train/2151.png,4
train_test_data/train/2038.png,1
train_test_data/train/618.png,4
train_test_data/train/1406.png,0
train_test_data/train/462.png,0
train_test_data/train/1033.png,4
train_test_data/train/1092.png,0
train_test_data/train/2177.png,0
train_test_data/train/1205.png,1
train_test_data/train/1786.png,3
train_test_data/train/1421.png,3
train_test_data/train/804.png,4
train_test_data/train/924.png,1
train_test_data/train/541.png,4
train_test_data/train/993.png,3
train_test_data/train/1497.png,4
train_test_data/train/1611.png,2
train_test_data/train/2118.png,1
train_test_data/train/803.png,1
train_test_data/train/617.png,4
train_test_data/train/543.png,2
train_test_data/train/853.png,3
train_test_data/train/581.png,0
train_test_data/train/1327.png,4
train_test_data/train/2218.png,2
train_test_data/train/59.png,4
train_test_data/train/1961.png,2
train_test_data/train/1872.png,2
train_test_data/train/879.png,4
train_test_data/train/575.png,3
train_test_data/train/1815.png,1
train_test_data/train/1090.png,1
train_test_data/train/1347.png,1
train_test_data/train/1377.png,3
train_test_data/train/1876.png,0
train_test_data/train/1859.png,3
train_test_data/train/1900.png,2
train_test_data/train/1299.png,1
train_test_data/train/1423.png,4
train_test_data/train/742.png,0
train_test_data/train/2320.png,1
train_test_data/train/362.png,0
train_test_data/train/22.png,1
train_test_data/train/180.png,0
train_test_data/train/209.png,1
train_test_data/train/1447.png,0
train_test_data/train/1998.png,2
train_test_data/train/2289.png,4
train_test_data/train/1532.png,1
train_test_data/train/1130.png,4
train_test_data/train/1332.png,0
train_test_data/train/2084.png,2
train_test_data/train/303.png,0
train_test_data/train/2129.png,1
train_test_data/train/142.png,2
train_test_data/train/1321.png,4
train_test_data/train/967.png,1
train_test_data/train/164.png,0
train_test_data/train/2156.png,2
train_test_data/train/2010.png,4
train_test_data/train/1645.png,2
train_test_data/train/1292.png,4
train_test_data/train/1354.png,2
train_test_data/train/1077.png,4
train_test_data/train/1074.png,2
train_test_data/train/246.png,3
train_test_data/train/607.png,1
train_test_data/train/1020.png,4
train_test_data/train/1186.png,4
train_test_data/train/1456.png,3
train_test_data/train/1916.png,3
train_test_data/train/86.png,0
train_test_data/train/1147.png,1
train_test_data/train/498.png,1
train_test_data/train/1045.png,2
train_test_data/train/2333.png,0
train_test_data/train/1937.png,0
train_test_data/train/1944.png,2
train_test_data/train/816.png,1
train_test_data/train/2314.png,2
train_test_data/train/166.png,2
train_test_data/train/1496.png,1
train_test_data/train/1863.png,4
train_test_data/train/1785.png,0
train_test_data/train/1443.png,2
train_test_data/train/134.png,3
train_test_data/train/1948.png,2
train_test_data/train/796.png,2
train_test_data/train/1741.png,3
train_test_data/train/834.png,0
train_test_data/train/1678.png,3
train_test_data/train/1177.png,2
train_test_data/train/263.png,0
train_test_data/train/2040.png,1
train_test_data/train/1473.png,3
train_test_data/train/802.png,0
train_test_data/train/1042.png,2
train_test_data/train/1930.png,3
train_test_data/train/1159.png,4
train_test_data/train/682.png,3
train_test_data/train/130.png,2
train_test_data/train/528.png,4
train_test_data/train/1246.png,2
train_test_data/train/1277.png,3
train_test_data/train/1500.png,1
train_test_data/train/2075.png,1
train_test_data/train/1008.png,3
train_test_data/train/361.png,3
train_test_data/train/858.png,4
train_test_data/train/1637.png,2
train_test_data/train/482.png,1
train_test_data/train/297.png,4
train_test_data/train/661.png,0
train_test_data/train/965.png,0
train_test_data/train/2210.png,0
train_test_data/train/789.png,3
train_test_data/train/471.png,1
train_test_data/train/662.png,2
train_test_data/train/1720.png,3
train_test_data/train/2217.png,2
train_test_data/train/1817.png,1
train_test_data/train/2346.png,1
train_test_data/train/1118.png,1
train_test_data/train/1759.png,3
train_test_data/train/1554.png,2
train_test_data/train/2234.png,1
train_test_data/train/1227.png,2
train_test_data/train/1059.png,3
train_test_data/train/1197.png,3
train_test_data/train/1313.png,3
train_test_data/train/1650.png,1
train_test_data/train/1667.png,2
train_test_data/train/1749.png,3
train_test_data/train/946.png,3
train_test_data/train/831.png,2
train_test_data/train/1296.png,1
train_test_data/train/554.png,4
train_test_data/train/487.png,2
train_test_data/train/415.png,4
train_test_data/train/194.png,0
train_test_data/train/1864.png,4
train_test_data/train/2187.png,1
train_test_data/train/576.png,4
train_test_data/train/261.png,2
train_test_data/train/1065.png,4
train_test_data/train/1365.png,4
train_test_data/train/1132.png,0
train_test_data/train/447.png,4
train_test_data/train/991.png,2
train_test_data/train/349.png,0
train_test_data/train/2108.png,4
train_test_data/train/38.png,0
train_test_data/train/1175.png,0
train_test_data/train/62.png,3
train_test_data/train/302.png,0
train_test_data/train/1566.png,0
train_test_data/train/1383.png,0
train_test_data/train/782.png,3
train_test_data/train/2276.png,4
train_test_data/train/790.png,0
train_test_data/train/390.png,4
train_test_data/train/669.png,4
train_test_data/train/1628.png,1
train_test_data/train/599.png,2
train_test_data/train/288.png,3
train_test_data/train/1871.png,2
train_test_data/train/1477.png,3
train_test_data/train/1783.png,1
train_test_data/train/1495.png,1
train_test_data/train/1508.png,0
train_test_data/train/2027.png,0
train_test_data/train/530.png,0
train_test_data/train/793.png,0
train_test_data/train/1626.png,3
train_test_data/train/2106.png,2
train_test_data/train/1535.png,1
train_test_data/train/172.png,2
train_test_data/train/1967.png,1
train_test_data/train/658.png,4
train_test_data/train/1476.png,2
train_test_data/train/2115.png,2
train_test_data/train/122.png,0
train_test_data/train/600.png,0
train_test_data/train/2157.png,1
train_test_data/train/144.png,0
train_test_data/train/2199.png,3
train_test_data/train/564.png,3
train_test_data/train/1018.png,3
train_test_data/train/1980.png,2
train_test_data/train/440.png,0
train_test_data/train/382.png,2
train_test_data/train/70.png,3
train_test_data/train/410.png,1
train_test_data/train/396.png,4
train_test_data/train/1886.png,2
train_test_data/train/1913.png,0
train_test_data/train/640.png,0
train_test_data/train/1896.png,0
train_test_data/train/670.png,2
train_test_data/train/278.png,1
train_test_data/train/1441.png,1
train_test_data/train/437.png,3
train_test_data/train/826.png,2
train_test_data/train/2090.png,2
train_test_data/train/1080.png,0
train_test_data/train/869.png,1
train_test_data/train/175.png,2
train_test_data/train/973.png,0
train_test_data/train/608.png,3
train_test_data/train/2165.png,2
train_test_data/train/1846.png,3
train_test_data/train/182.png,0
train_test_data/train/1226.png,0
train_test_data/train/1583.png,4
train_test_data/train/649.png,2
train_test_data/train/2284.png,2
train_test_data/train/645.png,0
train_test_data/train/2089.png,3
train_test_data/train/2178.png,1
train_test_data/train/1503.png,0
train_test_data/train/1419.png,0
train_test_data/train/929.png,4
train_test_data/train/718.png,0
train_test_data/train/1481.png,1
train_test_data/train/571.png,1
train_test_data/train/8.png,3
train_test_data/train/12.png,2
train_test_data/train/98.png,3
train_test_data/train/818.png,2
train_test_data/train/364.png,3
train_test_data/train/963.png,1
train_test_data/train/2083.png,0
train_test_data/train/90.png,2
train_test_data/train/1928.png,4
train_test_data/train/1338.png,4
train_test_data/train/861.png,3
train_test_data/train/2238.png,0
train_test_data/train/1540.png,2
train_test_data/train/1717.png,2
train_test_data/train/729.png,2
train_test_data/train/1964.png,2
train_test_data/train/784.png,4
train_test_data/train/2261.png,3
train_test_data/train/772.png,2
train_test_data/train/832.png,0
train_test_data/train/771.png,2
train_test_data/train/2113.png,4
train_test_data/train/1682.png,3
train_test_data/train/262.png,1
train_test_data/train/695.png,2
train_test_data/train/722.png,3
train_test_data/train/512.png,3
train_test_data/train/1242.png,4
train_test_data/train/1051.png,2
train_test_data/train/402.png,4
train_test_data/train/1019.png,4
train_test_data/train/2116.png,1
train_test_data/train/436.png,0
train_test_data/train/1162.png,3
train_test_data/train/2137.png,1
train_test_data/train/416.png,2
train_test_data/train/1283.png,2
train_test_data/train/1656.png,3
train_test_data/train/569.png,4
train_test_data/train/2109.png,0
train_test_data/train/502.png,0
train_test_data/train/2334.png,0
train_test_data/train/2180.png,1
train_test_data/train/210.png,1
train_test_data/train/809.png,2
train_test_data/train/213.png,2
train_test_data/train/240.png,2
train_test_data/train/1523.png,1
train_test_data/train/597.png,4
train_test_data/train/124.png,1
train_test_data/train/589.png,4
train_test_data/train/815.png,1
train_test_data/train/2299.png,2
train_test_data/train/1890.png,4
train_test_data/train/1925.png,4
train_test_data/train/1256.png,1
train_test_data/train/274.png,3
train_test_data/train/2310.png,3
train_test_data/train/260.png,1
train_test_data/train/2041.png,1
train_test_data/train/1600.png,3
train_test_data/train/2183.png,0
train_test_data/train/199.png,4
train_test_data/train/85.png,3
train_test_data/train/105.png,2
train_test_data/train/393.png,0
train_test_data/train/2077.png,2
train_test_data/train/585.png,4
train_test_data/train/1911.png,1
train_test_data/train/590.png,0
train_test_data/train/151.png,3
train_test_data/train/1324.png,1
train_test_data/train/1545.png,2
train_test_data/train/1587.png,3
train_test_data/train/1462.png,3
train_test_data/train/133.png,4
train_test_data/train/2318.png,4
train_test_data/train/2233.png,0
train_test_data/train/2006.png,0
train_test_data/train/420.png,1
train_test_data/train/2250.png,2
train_test_data/train/2224.png,4
train_test_data/train/113.png,0
train_test_data/train/1528.png,4
train_test_data/train/735.png,2
train_test_data/train/606.png,0
train_test_data/train/1603.png,1
train_test_data/train/2086.png,3
train_test_data/train/435.png,1
train_test_data/train/1842.png,0
train_test_data/train/123.png,3
train_test_data/train/2253.png,3
train_test_data/train/927.png,3
train_test_data/train/723.png,3
train_test_data/train/1977.png,0
train_test_data/train/1702.png,0
train_test_data/train/1367.png,0
train_test_data/train/1835.png,3
train_test_data/train/325.png,3
train_test_data/train/465.png,1
train_test_data/train/47.png,3
train_test_data/train/1512.png,2
train_test_data/train/1823.png,1
train_test_data/train/110.png,2
train_test_data/train/1478.png,0
train_test_data/train/376.png,4
train_test_data/train/1337.png,0
train_test_data/train/1962.png,0
train_test_data/train/355.png,4
train_test_data/train/1862.png,1
train_test_data/train/1096.png,2
train_test_data/train/2295.png,4
train_test_data/train/701.png,4
train_test_data/train/1491.png,3
train_test_data/train/2007.png,2
train_test_data/train/1827.png,4
train_test_data/train/53.png,3
train_test_data/train/1735.png,4
train_test_data/train/385.png,0
train_test_data/train/627.png,3
train_test_data/train/1471.png,0
train_test_data/train/1114.png,3
train_test_data/train/822.png,0
train_test_data/train/1908.png,0
train_test_data/train/1673.png,0
train_test_data/train/2190.png,1
train_test_data/train/1030.png,3
train_test_data/train/1816.png,2
train_test_data/train/1392.png,3
train_test_data/train/1676.png,0
train_test_data/train/1791.png,2
train_test_data/train/2227.png,3
train_test_data/train/1549.png,0
train_test_data/train/1987.png,1
train_test_data/train/1014.png,2
train_test_data/train/2263.png,0
train_test_data/train/1765.png,0
train_test_data/train/978.png,4
train_test_data/train/688.png,4
train_test_data/train/1088.png,0
train_test_data/train/1856.png,3
train_test_data/train/2230.png,2
train_test_data/train/495.png,1
train_test_data/train/1499.png,1
train_test_data/train/279.png,3
train_test_data/train/1754.png,2
train_test_data/train/2241.png,3
train_test_data/train/1376.png,4
train_test_data/train/1082.png,2
train_test_data/train/341.png,4
train_test_data/train/911.png,2
train_test_data/train/944.png,0
train_test_data/train/948.png,0
train_test_data/train/1833.png,1
train_test_data/train/1904.png,3
train_test_data/train/1350.png,3
train_test_data/train/1052.png,3
train_test_data/train/2285.png,3
train_test_data/train/1841.png,2
train_test_data/train/901.png,1
train_test_data/train/2033.png,2
train_test_data/train/2335.png,2
train_test_data/train/1576.png,4
train_test_data/train/1314.png,1
train_test_data/train/200.png,3
train_test_data/train/511.png,0
train_test_data/train/226.png,0
train_test_data/train/671.png,0
train_test_data/train/756.png,4
train_test_data/train/2025.png,4
train_test_data/train/203.png,1
train_test_data/train/1696.png,0
train_test_data/train/1797.png,1
train_test_data/train/943.png,0
train_test_data/train/2325.png,4
train_test_data/train/1237.png,3
train_test_data/train/2296.png,1
train_test_data/train/1326.png,2
train_test_data/train/1060.png,4
train_test_data/train/127.png,4
train_test_data/train/1087.png,1
train_test_data/train/456.png,2
train_test_data/train/1121.png,2
train_test_data/train/999.png,4
train_test_data/train/740.png,1
train_test_data/train/824.png,1
train_test_data/train/1442.png,1
train_test_data/train/1778.png,0
train_test_data/train/1046.png,2
train_test_data/train/257.png,3
train_test_data/train/2031.png,2
train_test_data/train/244.png,1
train_test_data/train/1695.png,1
train_test_data/train/702.png,2
train_test_data/train/2130.png,1
train_test_data/train/1536.png,0
train_test_data/train/2070.png,0
train_test_data/train/1225.png,0
train_test_data/train/2313.png,1
train_test_data/train/1812.png,0
train_test_data/train/766.png,2
train_test_data/train/148.png,4
train_test_data/train/750.png,1
train_test_data/train/1426.png,2
train_test_data/train/1161.png,1
train_test_data/train/112.png,2
train_test_data/train/160.png,4
train_test_data/train/1855.png,2
train_test_data/train/1584.png,1
train_test_data/train/331.png,3
train_test_data/train/1504.png,4
train_test_data/train/1038.png,0
train_test_data/train/1385.png,1
train_test_data/train/854.png,4
train_test_data/train/1688.png,0
train_test_data/train/506.png,3
train_test_data/train/2105.png,1
train_test_data/train/2005.png,0
train_test_data/train/1618.png,4
train_test_data/train/2141.png,4
train_test_data/train/2043.png,1
train_test_data/train/1993.png,4
train_test_data/train/553.png,3
train_test_data/train/235.png,1
train_test_data/train/196.png,2
train_test_data/train/1293.png,1
train_test_data/train/1272.png,2
train_test_data/train/1711.png,1
train_test_data/train/16.png,0
train_test_data/train/566.png,2
train_test_data/train/891.png,2
train_test_data/train/1777.png,3
train_test_data/train/971.png,3
train_test_data/train/189.png,3
train_test_data/train/381.png,0
train_test_data/train/613.png,1
train_test_data/train/1466.png,1
train_test_data/train/540.png,3
train_test_data/train/1022.png,4
train_test_data/train/950.png,2
train_test_data/train/1394.png,4
train_test_data/train/1870.png,2
train_test_data/train/642.png,2
train_test_data/train/1015.png,4
train_test_data/train/265.png,0
train_test_data/train/1400.png,0
train_test_data/train/2168.png,0
train_test_data/train/1686.png,0
train_test_data/train/1127.png,4
train_test_data/train/1037.png,1
train_test_data/train/1839.png,3
train_test_data/train/2200.png,1
train_test_data/train/1762.png,3
train_test_data/train/25.png,3
train_test_data/train/632.png,0
train_test_data/train/1963.png,1
train_test_data/train/29.png,0
train_test_data/train/1989.png,2
train_test_data/train/719.png,3
train_test_data/train/2281.png,1
train_test_data/train/102.png,2
train_test_data/train/1669.png,0
train_test_data/train/1040.png,1
train_test_data/train/2226.png,1
train_test_data/train/717.png,1
train_test_data/train/1167.png,3
train_test_data/train/1193.png,4
train_test_data/train/659.png,3
train_test_data/train/2202.png,1
train_test_data/train/191.png,2
train_test_data/train/383.png,1
train_test_data/train/212.png,0
train_test_data/train/958.png,0
train_test_data/train/980.png,0
train_test_data/train/419.png,4
train_test_data/train/286.png,0
train_test_data/train/1360.png,1
train_test_data/train/269.png,0
train_test_data/train/598.png,0
train_test_data/train/1813.png,1
train_test_data/train/611.png,0
train_test_data/train/2244.png,0
train_test_data/train/1428.png,2
train_test_data/train/1195.png,1
train_test_data/train/724.png,4
train_test_data/train/558.png,1
train_test_data/train/668.png,2
train_test_data/train/1056.png,1
train_test_data/train/655.png,1
train_test_data/train/996.png,0
train_test_data/train/698.png,4
train_test_data/train/242.png,4
train_test_data/train/592.png,2
train_test_data/train/995.png,4
train_test_data/train/2247.png,2
train_test_data/train/236.png,4
train_test_data/train/79.png,4
train_test_data/train/56.png,0
train_test_data/train/1591.png,2
train_test_data/train/433.png,2
train_test_data/train/1123.png,0
train_test_data/train/1194.png,4
train_test_data/train/686.png,4
train_test_data/train/60.png,0
train_test_data/train/908.png,4
train_test_data/train/491.png,0
train_test_data/train/1640.png,4
train_test_data/train/847.png,0
train_test_data/train/2293.png,1
train_test_data/train/1137.png,3
train_test_data/train/1155.png,0
train_test_data/train/1733.png,0
train_test_data/train/307.png,1
train_test_data/train/814.png,3
train_test_data/train/798.png,2
train_test_data/train/1317.png,4
train_test_data/train/1353.png,3
train_test_data/train/720.png,2
train_test_data/train/862.png,1
train_test_data/train/360.png,1
train_test_data/train/683.png,3
train_test_data/train/2065.png,3
train_test_data/train/2132.png,0
train_test_data/train/572.png,3
train_test_data/train/1756.png,4
train_test_data/train/1675.png,3
train_test_data/train/1834.png,3
train_test_data/train/676.png,3
train_test_data/train/2303.png,4
train_test_data/train/1420.png,4
train_test_data/train/746.png,1
train_test_data/train/283.png,1
train_test_data/train/1550.png,3
train_test_data/train/1996.png,0
train_test_data/train/1095.png,2
train_test_data/train/1239.png,1
train_test_data/train/1430.png,1
train_test_data/train/1307.png,4
train_test_data/train/2173.png,2
train_test_data/train/1857.png,3
train_test_data/train/1607.png,1
train_test_data/train/1244.png,1
train_test_data/train/326.png,3
train_test_data/train/1889.png,3
train_test_data/train/19.png,1
train_test_data/train/1898.png,2
train_test_data/train/1526.png,1
train_test_data/train/1483.png,1
train_test_data/train/757.png,3
train_test_data/train/1308.png,2
train_test_data/train/817.png,1
train_test_data/train/1157.png,2
train_test_data/train/107.png,0
train_test_data/train/1729.png,0
train_test_data/train/1156.png,2
train_test_data/train/1571.png,2
train_test_data/train/467.png,1
train_test_data/train/568.png,1
train_test_data/train/1934.png,3
train_test_data/train/1646.png,1
train_test_data/train/1112.png,2
train_test_data/train/1597.png,1
train_test_data/train/201.png,2
train_test_data/train/342.png,4
train_test_data/train/681.png,4
train_test_data/train/176.png,2
train_test_data/train/1035.png,0
train_test_data/train/2274.png,3
train_test_data/train/1261.png,4
train_test_data/train/1931.png,0
train_test_data/train/1468.png,1
train_test_data/train/1860.png,1
train_test_data/train/1940.png,0
train_test_data/train/1641.png,3
train_test_data/train/1858.png,0
train_test_data/train/1788.png,3
train_test_data/train/1880.png,4
train_test_data/train/1180.png,2
train_test_data/train/1938.png,1
train_test_data/train/1939.png,2
train_test_data/train/1141.png,0
train_test_data/train/1795.png,2
train_test_data/train/2181.png,3
train_test_data/train/704.png,1
train_test_data/train/401.png,4
train_test_data/train/116.png,1
train_test_data/train/1433.png,3
train_test_data/train/570.png,3
train_test_data/train/1594.png,1
train_test_data/train/947.png,1
train_test_data/train/562.png,0
train_test_data/train/957.png,3
train_test_data/train/441.png,4
train_test_data/train/1821.png,0
train_test_data/train/1848.png,4
train_test_data/train/1751.png,3
train_test_data/train/1899.png,0
train_test_data/train/1935.png,4
train_test_data/train/1436.png,0
train_test_data/train/744.png,1
train_test_data/train/509.png,4
train_test_data/train/379.png,3
train_test_data/train/489.png,4
train_test_data/train/2003.png,1
train_test_data/train/1359.png,2
train_test_data/train/460.png,3
train_test_data/train/241.png,0
train_test_data/train/920.png,1
train_test_data/train/931.png,2
train_test_data/train/1949.png,0
train_test_data/train/794.png,4
train_test_data/train/857.png,3
train_test_data/train/2176.png,0
train_test_data/train/1918.png,3
train_test_data/train/332.png,1
train_test_data/train/706.png,2
train_test_data/train/876.png,0
train_test_data/train/1364.png,4
train_test_data/train/1131.png,0
train_test_data/train/1011.png,1
train_test_data/train/1539.png,2
train_test_data/train/1655.png,0
train_test_data/train/88.png,2
train_test_data/train/1608.png,2
train_test_data/train/1396.png,2
train_test_data/train/238.png,3
train_test_data/train/1832.png,4
train_test_data/train/1446.png,0
train_test_data/train/10.png,2
train_test_data/train/2128.png,2
train_test_data/train/644.png,1
train_test_data/train/1403.png,1
train_test_data/train/259.png,1
train_test_data/train/1027.png,0
train_test_data/train/1694.png,4
train_test_data/train/602.png,1
train_test_data/train/1425.png,1
train_test_data/train/2225.png,0
train_test_data/train/272.png,1
train_test_data/train/969.png,3
train_test_data/train/1463.png,1
train_test_data/train/915.png,2
train_test_data/train/1415.png,1
train_test_data/train/135.png,4
train_test_data/train/1053.png,1
train_test_data/train/520.png,4
train_test_data/train/475.png,3
train_test_data/train/46.png,1
train_test_data/train/951.png,3
train_test_data/train/99.png,2
train_test_data/train/894.png,4
train_test_data/train/1252.png,0
train_test_data/train/1684.png,0
train_test_data/train/1373.png,2
train_test_data/train/2294.png,2
train_test_data/train/2012.png,2
train_test_data/train/2343.png,1
train_test_data/train/158.png,2
train_test_data/train/472.png,2
train_test_data/train/833.png,1
train_test_data/train/1774.png,3
train_test_data/train/926.png,2
train_test_data/train/82.png,0
train_test_data/train/828.png,1
train_test_data/train/1985.png,3
train_test_data/train/1343.png,0
train_test_data/train/1363.png,2
train_test_data/train/92.png,4
train_test_data/train/856.png,1
train_test_data/train/2315.png,4
train_test_data/train/987.png,3
train_test_data/train/578.png,2
train_test_data/train/518.png,0
train_test_data/train/1772.png,0
train_test_data/train/42.png,1
train_test_data/train/1657.png,1
train_test_data/train/962.png,2
train_test_data/train/1243.png,0
train_test_data/train/1335.png,1
train_test_data/train/813.png,4
train_test_data/train/443.png,2
train_test_data/train/43.png,1
train_test_data/train/557.png,3
train_test_data/train/1149.png,4
train_test_data/train/2019.png,2
train_test_data/train/1039.png,4
train_test_data/train/174.png,0
train_test_data/train/2072.png,0
train_test_data/train/1222.png,2
train_test_data/train/1120.png,1
train_test_data/train/875.png,1
train_test_data/train/2245.png,1
train_test_data/train/1174.png,3
train_test_data/train/1784.png,2
train_test_data/train/563.png,3
train_test_data/train/323.png,0
train_test_data/train/2054.png,1
train_test_data/train/71.png,0
train_test_data/train/810.png,1
train_test_data/train/14.png,1
train_test_data/train/525.png,4
train_test_data/train/1521.png,4
train_test_data/train/93.png,1
train_test_data/train/1402.png,4
train_test_data/train/2184.png,3
train_test_data/train/1883.png,2
train_test_data/train/2078.png,1
train_test_data/train/820.png,3
train_test_data/train/622.png,0
train_test_data/train/1345.png,1
train_test_data/train/1639.png,4
train_test_data/train/1217.png,3
train_test_data/train/464.png,2
train_test_data/train/621.png,0
train_test_data/train/1850.png,0
train_test_data/train/406.png,2
train_test_data/train/2062.png,3
train_test_data/train/1165.png,3
train_test_data/train/111.png,4
train_test_data/train/583.png,1
train_test_data/train/994.png,1
train_test_data/train/1236.png,4
train_test_data/train/2251.png,4
train_test_data/train/1151.png,3
train_test_data/train/346.png,1
train_test_data/train/1102.png,0
train_test_data/train/1223.png,3
train_test_data/train/181.png,3
train_test_data/train/281.png,4
train_test_data/train/1279.png,1
train_test_data/train/925.png,0
train_test_data/train/565.png,3
train_test_data/train/1211.png,4
train_test_data/train/2049.png,3
train_test_data/train/368.png,4
train_test_data/train/1852.png,4
train_test_data/train/350.png,1
train_test_data/train/1196.png,4
train_test_data/train/2301.png,0
train_test_data/train/641.png,4
train_test_data/train/1569.png,1
train_test_data/train/1625.png,2
train_test_data/train/1341.png,0
train_test_data/train/1951.png,4
train_test_data/train/1888.png,0
train_test_data/train/1919.png,4
train_test_data/train/1541.png,4
train_test_data/train/596.png,4
train_test_data/train/1701.png,0
train_test_data/train/1579.png,4
train_test_data/train/1537.png,2
train_test_data/train/2254.png,1
train_test_data/train/1031.png,0
train_test_data/train/981.png,0
train_test_data/train/1891.png,3
train_test_data/train/843.png,0
train_test_data/train/256.png,3
train_test_data/train/2326.png,0
train_test_data/train/5.png,2
train_test_data/train/1134.png,4
train_test_data/train/1946.png,0
train_test_data/train/2208.png,2
train_test_data/train/1933.png,4
train_test_data/train/1531.png,1
train_test_data/train/293.png,4
train_test_data/train/84.png,2
train_test_data/train/2212.png,2
train_test_data/train/1086.png,3
train_test_data/train/2159.png,3
train_test_data/train/2191.png,2
train_test_data/train/1840.png,1
train_test_data/train/2002.png,3
train_test_data/train/998.png,0
train_test_data/train/1909.png,1
train_test_data/train/1787.png,1
train_test_data/train/703.png,0
train_test_data/train/1586.png,3
train_test_data/train/1507.png,2
train_test_data/train/1588.png,3
train_test_data/train/1982.png,2
train_test_data/train/1260.png,1
train_test_data/train/1986.png,0
train_test_data/train/1747.png,4
train_test_data/train/730.png,2
train_test_data/train/2213.png,2
train_test_data/train/531.png,4
train_test_data/train/2022.png,4
train_test_data/train/165.png,3
train_test_data/train/2102.png,0
train_test_data/train/1309.png,0
train_test_data/train/1210.png,1
train_test_data/train/2009.png,4
train_test_data/train/399.png,2
train_test_data/train/2093.png,4
train_test_data/train/2283.png,2
train_test_data/train/1303.png,2
train_test_data/train/3.png,0
train_test_data/train/1677.png,0
train_test_data/train/1414.png,2
train_test_data/train/2155.png,0
train_test_data/train/179.png,4
train_test_data/train/2148.png,2
train_test_data/train/0.png,0
train_test_data/train/434.png,2
train_test_data/train/2004.png,4
train_test_data/train/1138.png,4
train_test_data/train/2239.png,1
train_test_data/train/250.png,4
train_test_data/train/156.png,0
train_test_data/train/788.png,3
train_test_data/train/2336.png,3
train_test_data/train/395.png,0
train_test_data/train/61.png,2
train_test_data/train/2051.png,1
train_test_data/train/2206.png,2
train_test_data/train/979.png,3
train_test_data/train/895.png,3
train_test_data/train/1213.png,3
train_test_data/train/2229.png,3
train_test_data/train/1458.png,1
train_test_data/train/1553.png,3
train_test_data/train/2344.png,4
train_test_data/train/1154.png,0
train_test_data/train/923.png,1
train_test_data/train/1221.png,1
train_test_data/train/547.png,1
train_test_data/train/1638.png,2
train_test_data/train/154.png,0
train_test_data/train/63.png,1
train_test_data/train/918.png,3
train_test_data/train/20.png,4
train_test_data/train/2048.png,2
train_test_data/train/2252.png,0
train_test_data/train/228.png,2
train_test_data/train/1793.png,2
train_test_data/train/2265.png,0
train_test_data/train/2319.png,3
train_test_data/train/1624.png,2
train_test_data/train/903.png,0
train_test_data/train/1452.png,0
train_test_data/train/900.png,0
train_test_data/train/117.png,0
train_test_data/train/877.png,3
train_test_data/train/324.png,2
train_test_data/train/477.png,4
train_test_data/train/327.png,4
train_test_data/train/2122.png,1
train_test_data/train/1894.png,1
train_test_data/train/2103.png,4
train_test_data/train/1984.png,4
train_test_data/train/1485.png,0
train_test_data/train/444.png,3
train_test_data/train/529.png,4
train_test_data/train/2272.png,4
train_test_data/train/1334.png,0
train_test_data/train/1233.png,2
train_test_data/train/67.png,3
train_test_data/train/1241.png,2
train_test_data/train/629.png,3
train_test_data/train/233.png,3
train_test_data/train/734.png,3
train_test_data/train/1416.png,0
train_test_data/train/654.png,1
train_test_data/train/799.png,0
train_test_data/train/1429.png,1
train_test_data/train/2182.png,2
train_test_data/train/1342.png,2
train_test_data/train/185.png,1
train_test_data/train/1529.png,4
train_test_data/train/787.png,1
train_test_data/train/1660.png,2
train_test_data/train/1269.png,4
train_test_data/train/1617.png,3
train_test_data/train/637.png,3
train_test_data/train/131.png,3
train_test_data/train/625.png,3
train_test_data/train/2204.png,3
train_test_data/train/692.png,4
train_test_data/train/679.png,0
train_test_data/train/2298.png,1
train_test_data/train/888.png,4
train_test_data/train/1234.png,1
train_test_data/train/2071.png,4
train_test_data/train/311.png,3
train_test_data/train/1172.png,0
train_test_data/train/526.png,4
train_test_data/train/1139.png,2
train_test_data/train/1083.png,2
train_test_data/train/945.png,0
train_test_data/train/312.png,2
train_test_data/train/1016.png,3
train_test_data/train/1604.png,0
train_test_data/train/1897.png,4
train_test_data/train/1562.png,4
train_test_data/train/2259.png,4
train_test_data/train/315.png,4
train_test_data/train/455.png,3
train_test_data/train/1399.png,1
train_test_data/train/2160.png,2
train_test_data/train/2255.png,0
train_test_data/train/1374.png,0
train_test_data/train/697.png,3
train_test_data/train/1401.png,2
train_test_data/train/504.png,3
train_test_data/train/1807.png,1
train_test_data/train/1235.png,3
train_test_data/train/844.png,0
train_test_data/train/23.png,4
train_test_data/train/173.png,4
train_test_data/train/712.png,3
train_test_data/train/779.png,4
train_test_data/train/1593.png,3
train_test_data/train/150.png,4
train_test_data/train/1997.png,4
train_test_data/train/930.png,4
train_test_data/train/2021.png,4
train_test_data/train/1043.png,2
train_test_data/train/1649.png,2
train_test_data/train/106.png,1
train_test_data/train/2221.png,3
train_test_data/train/889.png,2
train_test_data/train/291.png,4
train_test_data/train/748.png,1
train_test_data/train/1670.png,1
train_test_data/train/1724.png,2
train_test_data/train/1950.png,1
train_test_data/train/1101.png,4
train_test_data/train/523.png,4
train_test_data/train/296.png,2
train_test_data/train/1690.png,2
train_test_data/train/912.png,0
train_test_data/train/1032.png,0
train_test_data/train/2126.png,4
train_test_data/train/316.png,3
train_test_data/train/1743.png,4
train_test_data/train/314.png,4
train_test_data/train/214.png,3
train_test_data/train/1854.png,0
train_test_data/train/1955.png,4
train_test_data/train/1098.png,4
train_test_data/train/1558.png,1
train_test_data/train/2124.png,1
train_test_data/train/372.png,3
train_test_data/train/300.png,1
train_test_data/train/713.png,1
train_test_data/train/1106.png,3
train_test_data/train/774.png,3
train_test_data/train/425.png,1
train_test_data/train/1672.png,1
train_test_data/train/1417.png,3
train_test_data/train/1613.png,0
train_test_data/train/49.png,4
train_test_data/train/527.png,2
train_test_data/train/1328.png,0
train_test_data/train/2037.png,1
train_test_data/train/1836.png,0
train_test_data/train/1230.png,2
train_test_data/train/493.png,1
train_test_data/train/411.png,2
train_test_data/train/1995.png,1
train_test_data/train/497.png,2
train_test_data/train/121.png,3
train_test_data/train/1119.png,3
train_test_data/train/1410.png,3
train_test_data/train/2171.png,2
train_test_data/train/1331.png,4
train_test_data/train/1171.png,3
train_test_data/train/28.png,4
train_test_data/train/805.png,4
train_test_data/train/373.png,2
train_test_data/train/76.png,1
train_test_data/train/778.png,0
train_test_data/train/1801.png,4
train_test_data/train/1811.png,0
train_test_data/train/2013.png,3
train_test_data/train/1460.png,2
train_test_data/train/2121.png,0
train_test_data/train/2290.png,3
train_test_data/train/347.png,4
train_test_data/train/1820.png,2
train_test_data/train/1631.png,4
train_test_data/train/1643.png,3
train_test_data/train/1081.png,4
train_test_data/train/1609.png,3
train_test_data/train/1454.png,3
train_test_data/train/1970.png,1
train_test_data/train/677.png,3
train_test_data/train/1070.png,4
train_test_data/train/1681.png,3
train_test_data/train/1719.png,3
train_test_data/train/521.png,4
train_test_data/train/1792.png,1
train_test_data/train/128.png,4
train_test_data/train/656.png,2
train_test_data/train/1064.png,3
train_test_data/train/32.png,4
train_test_data/train/765.png,1
train_test_data/train/1771.png,4
train_test_data/train/1634.png,3
train_test_data/train/736.png,1
train_test_data/train/51.png,4
train_test_data/train/2322.png,3
train_test_data/train/407.png,4
train_test_data/train/1768.png,1
train_test_data/train/1450.png,2
train_test_data/train/1323.png,4
train_test_data/train/1595.png,3
train_test_data/train/137.png,0
train_test_data/train/2097.png,2
train_test_data/train/1683.png,4
train_test_data/train/896.png,3
train_test_data/train/7.png,2
train_test_data/train/2311.png,1
train_test_data/train/517.png,3
train_test_data/train/1875.png,4
train_test_data/train/1440.png,4
train_test_data/train/2331.png,4
train_test_data/train/55.png,2
train_test_data/train/334.png,2
train_test_data/train/371.png,2
train_test_data/train/1674.png,2
train_test_data/train/2268.png,0
train_test_data/train/68.png,1
train_test_data/train/601.png,3
train_test_data/train/1315.png,4
train_test_data/train/66.png,3
train_test_data/train/2236.png,2
train_test_data/train/1723.png,4
train_test_data/train/2292.png,4
train_test_data/train/2029.png,1
train_test_data/train/1306.png,3
train_test_data/train/892.png,1
train_test_data/train/197.png,3
train_test_data/train/1044.png,2
train_test_data/train/1782.png,4
train_test_data/train/1372.png,2
train_test_data/train/2316.png,1
train_test_data/train/384.png,4
train_test_data/train/343.png,3
train_test_data/train/2098.png,3
train_test_data/train/848.png,1
train_test_data/train/907.png,1
train_test_data/train/759.png,0
train_test_data/train/1906.png,2
train_test_data/train/1825.png,3
train_test_data/train/1879.png,2
train_test_data/train/2042.png,2
train_test_data/train/753.png,4
train_test_data/train/1212.png,3
train_test_data/train/2257.png,4
train_test_data/train/198.png,0
train_test_data/train/1075.png,1
train_test_data/train/846.png,0
train_test_data/train/427.png,4
train_test_data/train/1218.png,0
train_test_data/train/1781.png,4
train_test_data/train/605.png,2
train_test_data/train/1215.png,4
train_test_data/train/1298.png,2
train_test_data/train/501.png,2
train_test_data/train/2339.png,3
train_test_data/train/1560.png,4
train_test_data/train/1387.png,4
train_test_data/train/438.png,4
train_test_data/train/2020.png,4
train_test_data/train/1810.png,3
train_test_data/train/961.png,2
train_test_data/train/1063.png,4
train_test_data/train/1666.png,1
train_test_data/train/522.png,3
train_test_data/train/1718.png,4
train_test_data/train/104.png,3
train_test_data/train/939.png,4
train_test_data/train/2017.png,3
train_test_data/train/825.png,0
train_test_data/train/466.png,4
train_test_data/train/1143.png,1
train_test_data/train/184.png,2
train_test_data/train/619.png,0
train_test_data/train/2306.png,0
train_test_data/train/839.png,3
train_test_data/train/586.png,2
train_test_data/train/1091.png,1
train_test_data/train/239.png,0
train_test_data/train/1517.png,0
train_test_data/train/2269.png,3
train_test_data/train/1789.png,2
train_test_data/train/1388.png,1
train_test_data/train/1972.png,2
train_test_data/train/823.png,0
train_test_data/train/552.png,4
train_test_data/train/1146.png,3
train_test_data/train/922.png,2
train_test_data/train/2193.png,4
train_test_data/train/1866.png,0
train_test_data/train/1654.png,2
train_test_data/train/159.png,3
train_test_data/train/1592.png,4
train_test_data/train/726.png,3
train_test_data/train/2279.png,4
train_test_data/train/26.png,4
train_test_data/train/442.png,4
train_test_data/train/268.png,0
train_test_data/train/785.png,2
train_test_data/train/2052.png,3
train_test_data/train/1960.png,3
train_test_data/train/2068.png,2
train_test_data/train/391.png,2
train_test_data/train/271.png,1
train_test_data/train/2127.png,2
train_test_data/train/459.png,3
train_test_data/train/100.png,1
train_test_data/train/579.png,0
train_test_data/train/1599.png,3
train_test_data/train/1803.png,3
train_test_data/train/1179.png,2
train_test_data/train/2312.png,4
train_test_data/train/916.png,2
train_test_data/train/202.png,2
train_test_data/train/770.png,2
train_test_data/train/1136.png,3
train_test_data/train/990.png,1
train_test_data/train/953.png,4
train_test_data/train/1979.png,1
train_test_data/train/761.png,1
train_test_data/train/2172.png,0
train_test_data/train/114.png,2
train_test_data/train/2161.png,2
train_test_data/train/898.png,0
train_test_data/train/2120.png,4
train_test_data/train/1853.png,1
train_test_data/train/1869.png,0
train_test_data/train/1829.png,1
train_test_data/train/1375.png,3
train_test_data/train/1264.png,4
train_test_data/train/2145.png,3
train_test_data/train/539.png,3
train_test_data/train/2133.png,3
train_test_data/train/1067.png,1
train_test_data/train/737.png,0
train_test_data/train/714.png,4
train_test_data/train/432.png,0
train_test_data/train/868.png,1
train_test_data/train/1498.png,3
train_test_data/train/27.png,3
train_test_data/train/2060.png,1
train_test_data/train/1461.png,3
train_test_data/train/2016.png,3
train_test_data/train/914.png,4
train_test_data/train/899.png,2
train_test_data/train/1351.png,4
train_test_data/train/1097.png,0
train_test_data/train/1953.png,0
train_test_data/train/604.png,0
train_test_data/train/690.png,2
train_test_data/train/30.png,0
train_test_data/train/1330.png,1
train_test_data/train/1017.png,4
train_test_data/train/119.png,0
train_test_data/train/1250.png,1
train_test_data/train/234.png,0
train_test_data/train/2327.png,0
train_test_data/train/1924.png,1
train_test_data/train/453.png,0
train_test_data/train/1322.png,4
train_test_data/train/1947.png,0
train_test_data/train/725.png,0
train_test_data/train/1874.png,4
train_test_data/train/913.png,1
train_test_data/train/1135.png,1
train_test_data/train/2066.png,2
train_test_data/train/89.png,2
train_test_data/train/417.png,1
train_test_data/train/1659.png,4
train_test_data/train/1470.png,2
train_test_data/train/2015.png,3
train_test_data/train/428.png,3
train_test_data/train/152.png,2
train_test_data/train/795.png,2
train_test_data/train/1712.png,3
train_test_data/train/1084.png,2
train_test_data/train/1515.png,0
train_test_data/train/2082.png,2
train_test_data/train/1434.png,0
train_test_data/train/120.png,1
train_test_data/train/1522.png,2
train_test_data/train/1610.png,3
train_test_data/train/1502.png,1
train_test_data/train/1691.png,3
train_test_data/train/1206.png,0
train_test_data/train/612.png,4
train_test_data/train/910.png,4
train_test_data/train/2100.png,3
train_test_data/train/1058.png,2
train_test_data/train/1253.png,0
train_test_data/train/115.png,1
train_test_data/train/380.png,0
train_test_data/train/2034.png,3
train_test_data/train/125.png,4
train_test_data/train/400.png,3
train_test_data/train/31.png,0
train_test_data/train/952.png,0
train_test_data/train/167.png,0
train_test_data/train/1971.png,2
train_test_data/train/44.png,2
train_test_data/train/884.png,0
train_test_data/train/2185.png,3
train_test_data/train/1736.png,3
train_test_data/train/337.png,1
train_test_data/train/1709.png,1
train_test_data/train/163.png,0
train_test_data/train/1662.png,0
train_test_data/train/129.png,1
train_test_data/train/2091.png,3
train_test_data/train/1555.png,4
train_test_data/train/1596.png,4
train_test_data/train/1023.png,4
train_test_data/train/2139.png,1
train_test_data/train/685.png,4
train_test_data/train/1431.png,1
train_test_data/train/781.png,0
train_test_data/train/760.png,2
train_test_data/train/1732.png,4
train_test_data/train/1752.png,1
train_test_data/train/1076.png,4
train_test_data/train/408.png,0
train_test_data/train/626.png,1
train_test_data/train/1148.png,4
train_test_data/train/909.png,2
train_test_data/train/2057.png,2
train_test_data/train/1533.png,1
train_test_data/train/1976.png,4
train_test_data/train/2026.png,0
train_test_data/train/865.png,2
train_test_data/train/538.png,1
train_test_data/train/1725.png,1
train_test_data/train/75.png,4
train_test_data/train/294.png,1
train_test_data/train/249.png,1
train_test_data/train/1128.png,4
train_test_data/train/365.png,0
train_test_data/train/1164.png,3
train_test_data/train/845.png,0
train_test_data/train/65.png,2
train_test_data/train/2046.png,3
train_test_data/train/77.png,3
train_test_data/train/2125.png,4
train_test_data/train/1408.png,3
train_test_data/train/1009.png,2
train_test_data/train/40.png,4
train_test_data/train/232.png,2
train_test_data/train/1021.png,4
train_test_data/train/623.png,0
train_test_data/train/1480.png,4
train_test_data/train/2140.png,2
train_test_data/train/1635.png,3
train_test_data/train/546.png,2
train_test_data/train/2080.png,2
train_test_data/train/1796.png,2
train_test_data/train/859.png,0
train_test_data/train/872.png,3
train_test_data/train/1965.png,4
train_test_data/train/2167.png,3
train_test_data/train/1567.png,0
train_test_data/train/2142.png,2
train_test_data/train/675.png,1
train_test_data/train/2063.png,2
train_test_data/train/897.png,2
train_test_data/train/503.png,3
train_test_data/train/132.png,2
train_test_data/train/1329.png,0
train_test_data/train/1665.png,4
train_test_data/train/1493.png,2
train_test_data/train/2275.png,2
train_test_data/train/367.png,2
train_test_data/train/2330.png,2
train_test_data/train/2119.png,3
train_test_data/train/146.png,2
train_test_data/train/220.png,0
train_test_data/train/412.png,3
train_test_data/train/2096.png,1
train_test_data/train/1232.png,3
train_test_data/train/1158.png,3
train_test_data/train/2110.png,1
train_test_data/train/1958.png,2
train_test_data/train/1763.png,4
train_test_data/train/754.png,4
train_test_data/train/463.png,2
train_test_data/train/1713.png,1
train_test_data/train/2055.png,4
train_test_data/train/2338.png,1
train_test_data/train/488.png,0
train_test_data/train/2067.png,3
train_test_data/train/1390.png,0
train_test_data/train/449.png,1
train_test_data/train/1710.png,2
train_test_data/train/1274.png,3
train_test_data/train/1273.png,3
train_test_data/train/162.png,4
train_test_data/train/2.png,2
train_test_data/train/1734.png,1
train_test_data/train/936.png,0
train_test_data/train/2309.png,4
train_test_data/train/1704.png,3
train_test_data/train/886.png,2
train_test_data/train/64.png,4
train_test_data/train/295.png,1
train_test_data/train/1150.png,0
train_test_data/train/330.png,2
train_test_data/train/609.png,3
train_test_data/train/835.png,1
train_test_data/train/1767.png,3
train_test_data/train/1564.png,1
train_test_data/train/2288.png,0
train_test_data/train/474.png,3
train_test_data/train/874.png,3
train_test_data/train/41.png,1
train_test_data/train/81.png,0
train_test_data/train/1680.png,2
train_test_data/train/1115.png,4
train_test_data/train/937.png,0
train_test_data/train/2271.png,1
train_test_data/train/2101.png,1
train_test_data/train/439.png,4
train_test_data/train/2305.png,3
train_test_data/train/317.png,1
train_test_data/train/2192.png,0
train_test_data/train/1435.png,4
train_test_data/train/1698.png,4
train_test_data/train/225.png,4
train_test_data/train/1216.png,0
train_test_data/train/673.png,2
train_test_data/train/484.png,4
train_test_data/train/819.png,3
train_test_data/train/457.png,0
train_test_data/train/2170.png,2
train_test_data/train/1072.png,0
train_test_data/train/928.png,1
train_test_data/train/1679.png,2
train_test_data/train/763.png,2
train_test_data/train/1809.png,0
train_test_data/train/2201.png,0
train_test_data/train/1340.png,3
train_test_data/train/375.png,3
train_test_data/train/2143.png,4
train_test_data/train/955.png,1
train_test_data/train/1714.png,0
train_test_data/train/989.png,1
train_test_data/train/974.png,4
train_test_data/train/2163.png,2
train_test_data/train/87.png,3
train_test_data/train/1391.png,4
train_test_data/train/270.png,1
train_test_data/train/878.png,1
train_test_data/train/2179.png,0
train_test_data/train/580.png,1
train_test_data/train/699.png,2
train_test_data/train/519.png,0
train_test_data/train/207.png,3
train_test_data/train/1627.png,4
train_test_data/train/743.png,1
train_test_data/train/1601.png,2
train_test_data/train/1300.png,4
train_test_data/train/2222.png,4
train_test_data/train/1305.png,2
train_test_data/train/448.png,2
train_test_data/train/183.png,2
train_test_data/train/1707.png,1
train_test_data/train/1041.png,3
train_test_data/train/2088.png,4
train_test_data/train/1467.png,2
train_test_data/train/1969.png,1
train_test_data/train/1779.png,4
train_test_data/train/1737.png,0
train_test_data/train/1966.png,0
train_test_data/train/145.png,3
train_test_data/train/1079.png,2
train_test_data/train/1699.png,0
train_test_data/train/1750.png,3
train_test_data/train/2134.png,4
train_test_data/train/45.png,2
train_test_data/train/1552.png,3
train_test_data/train/1974.png,2
train_test_data/train/414.png,0
train_test_data/train/1573.png,1
train_test_data/train/535.png,2
train_test_data/train/1885.png,0
train_test_data/train/2308.png,2
train_test_data/train/1606.png,1
train_test_data/train/2035.png,1
train_test_data/train/11.png,0
train_test_data/train/1882.png,2
train_test_data/train/245.png,0
train_test_data/train/1357.png,0
train_test_data/train/1248.png,3
train_test_data/train/1275.png,3
train_test_data/train/2243.png,3
train_test_data/train/631.png,0
train_test_data/train/1240.png,0
train_test_data/train/867.png,4
train_test_data/train/2123.png,4
train_test_data/train/392.png,2
train_test_data/train/177.png,1
train_test_data/train/388.png,0
train_test_data/train/890.png,4
train_test_data/train/352.png,1
train_test_data/train/1616.png,0
train_test_data/train/17.png,1
train_test_data/train/1078.png,0
train_test_data/train/550.png,2
train_test_data/train/2264.png,0
train_test_data/train/1486.png,3
train_test_data/train/1170.png,1
train_test_data/train/273.png,0
